{"cameraMode":{"drawMode":0,"name":"Shaded","section":"Shading Mode"},"sceneLighting":false,"audioPlay":false,"sceneViewState":{"showFog":true,"showMaterialUpdate":false,"showSkybox":false,"showFlares":true,"showImageEffects":true,"showParticleSystems":true},"in2DMode":false,"pivot":{"x":54.492305755615237,"y":1.5606862306594849,"z":-23.095230102539064},"rotation":{"x":0.0666610598564148,"y":0.9165588021278381,"z":-0.17604543268680573,"w":0.35376396775245669},"size":0.6731918454170227,"orthographic":false}