{"cameraMode":{"drawMode":0,"name":"Shaded","section":"Shading Mode"},"sceneLighting":true,"audioPlay":false,"sceneViewState":{"showFog":true,"showMaterialUpdate":false,"showSkybox":true,"showFlares":true,"showImageEffects":true,"showParticleSystems":true},"in2DMode":false,"pivot":{"x":53.97968673706055,"y":3.317999839782715,"z":-21.26028823852539},"rotation":{"x":-0.18348896503448487,"y":-0.34242886304855349,"z":0.0720999538898468,"w":-0.9192131161689758},"size":17.576324462890626,"orthographic":false}