{"cameraMode":{"drawMode":0,"name":"Shaded","section":"Shading Mode"},"sceneLighting":true,"audioPlay":false,"sceneViewState":{"showFog":true,"showMaterialUpdate":false,"showSkybox":true,"showFlares":true,"showImageEffects":true,"showParticleSystems":true},"in2DMode":false,"pivot":{"x":53.944580078125,"y":5.984500885009766,"z":-34.867801666259769},"rotation":{"x":0.14771252870559693,"y":-0.3276250660419464,"z":0.049396637827157977,"w":0.9323257803916931},"size":2.024671792984009,"orthographic":false}