{"cameraMode":{"drawMode":0,"name":"Shaded","section":"Shading Mode"},"sceneLighting":true,"audioPlay":false,"sceneViewState":{"showFog":true,"showMaterialUpdate":false,"showSkybox":true,"showFlares":true,"showImageEffects":true,"showParticleSystems":true},"in2DMode":false,"pivot":{"x":53.34181594848633,"y":3.63325572013855,"z":-22.88762664794922},"rotation":{"x":0.08988142758607865,"y":0.1751576066017151,"z":-0.01840200647711754,"w":0.9806829690933228},"size":1.2488819360733033,"orthographic":false}