{"cameraMode":{"drawMode":0,"name":"Shaded","section":"Shading Mode"},"sceneLighting":true,"audioPlay":false,"sceneViewState":{"showFog":true,"showMaterialUpdate":false,"showSkybox":true,"showFlares":true,"showImageEffects":true,"showParticleSystems":true},"in2DMode":false,"pivot":{"x":54.33079147338867,"y":2.805680751800537,"z":-21.668453216552736},"rotation":{"x":0.06294381618499756,"y":0.924408495426178,"z":-0.332623690366745,"w":0.17637120187282563},"size":1.5766202211380005,"orthographic":false}