{"cameraMode":{"drawMode":0,"name":"Shaded","section":"Shading Mode"},"sceneLighting":true,"audioPlay":false,"sceneViewState":{"showFog":true,"showMaterialUpdate":false,"showSkybox":true,"showFlares":true,"showImageEffects":true,"showParticleSystems":true},"in2DMode":false,"pivot":{"x":66.93384552001953,"y":-3.0387909412384035,"z":-15.026684761047364},"rotation":{"x":-0.17159873247146607,"y":-0.6958789229393005,"z":0.17730459570884705,"w":-0.6745148301124573},"size":14.521773338317871,"orthographic":false}